Feature,Avg DTW,DTW std,MMD (RBF),MMD sigma,KS stat,KS pval,Mean diff,Var diff
open,230.69738496696755,28.044046016108837,0.5367246246500244,5.016334304901029,0.33938066021796065,0.0,0.24817024171352386,1.701316237449646
high,203.2099553666274,37.19806615914294,0.5300992158858748,5.012375701694719,0.4535137615809186,0.0,0.6616709232330322,0.49938881397247314
low,165.6979646734675,28.14445388740389,0.5179090954196675,5.023074085860674,0.35411691799724027,0.0,0.3415081799030304,0.2782776355743408
close,172.78025469151325,42.179017982273656,0.5194308220014324,5.017960206045122,0.40776135739629976,0.0,0.5179413557052612,0.1990419626235962
volume,153.16131344573222,51.23754305494996,0.10781347680828757,12.634169613424671,0.11075909929317673,0.0,0.14480188488960266,0.4173848032951355
